Manufacturer,Model,Year,Producing Country
BMW,Isetta,1955,Germany
Kia,Picanto,2004,South Korea
GMC,1500 Club Coupe,1994,Germany
GMC,1500 Club Coupe,1993,Germany
GMC,1500 Club Coupe,1992,Germany
Ram,1500 Crew Cab,2020,Canada
Ram,1500 Crew Cab,2019,Canada
Ram,1500 Crew Cab,2018,Canada
Ram,1500 Crew Cab,2017,Canada
Ram,1500 Crew Cab,2016,Canada
Ram,1500 Crew Cab,2015,Canada
Ram,1500 Crew Cab,2014,Canada
Ram,1500 Crew Cab,2013,Canada
Ram,1500 Crew Cab,2012,Canada
Ram,1500 Crew Cab,2011,Canada
Chevrolet,1500 Extended Cab,1999,USA
Chevrolet,1500 Extended Cab,1998,USA
Chevrolet,1500 Extended Cab,1997,USA
Chevrolet,1500 Extended Cab,1996,USA
Chevrolet,1500 Extended Cab,1995,USA
Chevrolet,1500 Extended Cab,1994,USA
Chevrolet,1500 Extended Cab,1993,USA
